date,brent,cpi_sa,cpi_ma,cpi_ci,reer_sa,reer_ma,reer_ci,ip_sa
2000-01-01,30.91179269938608,100.22494992206002,100.97279422912284,99.9452100835017,100.32717431611856,99.33537399993686,100.10991297187854,100.04945046481274
2000-02-01,28.46183243378484,100.56418991796447,101.9100810768611,101.11620414114795,99.65339468397909,99.6959656775937,100.16619782038794,98.96091025597316
2000-03-01,30.487960423300983,100.81471881783959,102.08729491229266,100.53772097882288,100.4907748907791,98.30528024761846,100.029891425949,100.10824104672591
2000-04-01,32.989372214279015,101.3114808593625,102.580263576572,100.7132570696247,100.62351063787351,99.74398572997768,99.98364265482272,101.06612638790907
2000-05-01,28.261784242644428,102.61957375767207,101.65614000072915,100.74559191171015,100.6251184539789,99.599958069923,99.66207999026506,101.19255063971055
2000-06-01,25.156335475488632,101.45635857687306,101.37375216914224,101.21285241821656,102.39266274060638,99.88999846640654,97.49911188680503,99.87057520274887
2000-07-01,25.625936483406846,101.71834188796436,101.52908495351664,101.9473662807852,99.45161618635828,102.21577825828822,96.72434577356378,100.2044489402478
2000-08-01,24.98533000254789,102.23424645995549,101.28969146041375,101.63556464891738,97.7503951821668,103.73221835887763,98.09628185454405,100.17881112587595
2000-09-01,25.093327108787168,102.82645642602361,101.9575577302017,102.73858795425126,96.32591067051756,103.42565273759058,96.04378040821737,97.87855735215439
2000-10-01,23.11071728985322,103.00846719750982,103.29026262974965,103.30562214087196,95.889997893435,102.83243255272022,95.75944714090846,95.32929511977085
2000-11-01,25.45921222701029,102.33695610368308,102.9928980686542,102.26384917337474,95.58446808971576,102.50688754120068,94.5298162477522,96.44657120162843
2000-12-01,27.55369206558266,102.94952636783754,102.8706854147335,101.17862290936104,93.7756773123881,103.01678578967721,94.69684189184936,91.8631722345354
2001-01-01,27.8687688094857,104.43897548136295,103.30129991039954,101.67576178547127,92.5934876736151,102.91156165542635,94.11389212024913,92.33291118306566
2001-02-01,30.83687182690578,103.8969731887382,104.44969214699941,102.00493613366517,91.56047765938682,102.51631751042288,96.32998261771114,91.57236167910878
2001-03-01,32.15564518253589,104.85544987232487,104.12516332816357,102.43145515382051,94.50938656987789,103.98349876113193,97.08985734899652,94.02720557149262
2001-04-01,30.1574140253278,105.0684016618545,104.56813303064325,102.92185233030584,96.67147690717447,103.86928886935408,95.1221526003307,93.23896279501564
2001-05-01,31.229290985534046,105.45070962379567,105.84178068010222,103.62456998620222,96.17737760595288,106.1688779623914,96.12899461775125,94.52603438066906
2001-06-01,28.98208448346155,105.20662202404405,105.28664133622259,104.93652679072842,95.74107765758473,106.25962052614358,94.96701683335814,93.91158946644103
2001-07-01,31.32821023672973,105.4165356244906,104.92871366936016,104.52923796472815,94.36203286095878,108.04493892036831,94.10152227629185,94.21633614271609
2001-08-01,31.3533954592641,106.66784733747214,105.0212981510051,104.07284104720367,92.07227636508846,108.40225834307893,94.57225080645253,95.64264189837218
2001-09-01,31.04123955040095,107.47042649039018,105.06300597051828,103.6836522127567,91.93202014139823,109.36521891632837,93.83462967685733,94.91004160898794
2001-10-01,29.488915689391096,109.02852845593094,105.80769342852878,104.44449595755938,90.7345977615054,108.64060786481065,95.17391340134176,96.80384040108507
2001-11-01,32.69526903607617,110.24156993969218,106.25390202754855,106.0186869088606,90.63277712351099,107.78684864222325,94.01214830907168,95.1151842222934
2001-12-01,32.458945330904164,110.97540146665344,105.63151051579278,106.18306731970253,88.71253010465881,108.24655459723823,93.08372848018463,95.74545133889848
2002-01-01,31.538125775496397,112.59217004533193,106.22226875781146,104.60078495037584,87.7981607546865,109.23510783970355,92.09917213986246,97.50620283991661
2002-02-01,30.807791899275824,113.34158492511276,106.23419877942236,103.70176268393689,87.9765132690499,109.275364341704,91.2507140173299,98.79427032513921
2002-03-01,32.288564863159195,114.36259555100656,107.23453112377716,103.52931602583647,88.41596478639062,107.9889710066203,92.89950135065162,102.34387110326296
2002-04-01,33.35217502406939,114.61682835608944,107.21974046122212,103.58504727903232,88.91693113688105,106.62871264033099,93.84269579106707,101.06968033210376
2002-05-01,34.53400655305936,115.1221700451261,107.20011285219739,103.76470449155211,87.3323443558926,105.20157623814474,96.40761172208518,98.68721167967631
2002-06-01,35.76105906057907,115.10092702161492,107.8135082877222,104.31701961105924,88.35796723205527,103.43395412520536,99.80907802793406,96.99740848438509
2002-07-01,41.265178062755226,116.25044510925679,108.55072679931375,104.57876896305942,87.39771319613305,103.54343948465245,98.26300248003555,98.28620510417228
2002-08-01,40.39914052179368,115.89412416644109,109.12107969886735,105.9889956742091,88.15714269366181,104.66848340636048,98.3686311710265,99.28246638585716
2002-09-01,39.26853369911484,116.90611229905767,108.53037655660283,105.94574631674283,88.14437628171999,104.65506761943567,96.60433069606134,99.56652837322251
2002-10-01,37.384101878495144,117.2404843763093,109.14969342689855,105.74479450834767,86.49271128282645,102.39465286209781,95.43792180443894,97.64520568482968
2002-11-01,39.07405043493389,118.5405065851942,108.91292763969325,106.68276274926384,86.11327403732902,102.20389240176327,94.49279803905543,99.12556681282199
2002-12-01,42.046481166736115,119.5530186656413,109.36874063493195,105.90838839045146,86.55171052780554,102.04109340513065,92.90706572784802,97.021098213051
2003-01-01,41.91161252259893,121.35059323235812,108.91921300976894,106.77160213949384,87.28726898437506,104.1370921553561,91.3292348185004,99.20720746132943
2003-02-01,39.96122133019261,122.37235282033953,109.49052908268091,107.39487037564159,87.11808350744175,102.67995424243654,91.11280825072002,104.45059662298118
2003-03-01,38.05001829096451,121.70939893583046,109.37748436331852,107.80595295305685,88.95621817616302,102.28927663983734,89.2877306231404,105.21020868680998
2003-04-01,39.82650026052626,122.14813241878208,109.00479644542116,109.73178696801038,90.16523110134689,103.9951293203819,90.55092106184686,106.35980333099391
2003-05-01,41.83463568853487,121.77833491421698,109.72321703322028,109.734238451538,89.85724616166719,104.44510766172846,89.17429075572059,105.57265574698191
2003-06-01,43.342521359297855,121.88680499596384,110.1859296718443,112.11709472945243,90.75739233623152,105.00842073524488,93.38864421086518,102.41427176902565
2003-07-01,41.82874709107612,123.48999698715429,110.17822970662307,112.47605586258085,93.07794451845734,105.12300517226876,92.71156753441858,101.42937691557124
2003-08-01,42.559150398742915,124.460122027683,111.31402029719213,111.8908934267621,95.43052603939698,105.45294871092602,92.81959399729416,99.5621654815935
2003-09-01,43.00086492159474,124.43603104908712,111.40274373505963,112.51466709256665,93.95692618240999,106.23055824120456,90.87658222059511,97.05755724404646
2003-10-01,43.69758641341727,124.17718696875764,111.75539336893941,112.10922571883766,92.84508644902141,105.4210719223118,93.43571985778657,100.25780513963863
2003-11-01,46.026158358287745,124.69941549490792,112.24197842506236,111.9955993401766,94.62698899310202,106.29913050121999,95.11497087899095,100.84895767208502
2003-12-01,46.73514723022445,124.28866509914272,112.23094225089207,112.91505894711607,93.35705173209686,104.92612748433446,95.5603446850951,101.63239531719019
2004-01-01,48.58243113790419,124.28532902928097,112.83362788388168,113.98655490701171,91.77000237214685,105.25449545716599,93.54014086192576,101.17615505983694
2004-02-01,48.901378811626415,125.01728648906966,112.87117819623091,113.9891376889963,91.18656941530799,105.43323642045232,93.85614117851269,100.96498711143876
2004-03-01,49.774177308351376,126.39145693259783,112.97753129298135,115.46903532394317,91.6908414666775,104.81694333226021,92.17399460948681,102.80117833946956
2004-04-01,51.502397872947725,127.36238657138965,114.09166155233885,117.12742721716403,91.56796541874418,104.79425805693457,94.36752750469685,102.84297152581817
2004-05-01,48.009508323308566,126.1269227875115,113.84060221303784,119.07492034063853,90.78728907425747,104.17171790426902,95.58131960247661,103.8982206142627
2004-06-01,47.360330282415305,126.86390834027932,112.81342434212303,120.17970748862408,89.97823412018806,103.10001657740727,95.7244781602082,103.64541287814166
2004-07-01,46.33439864668332,127.42744266372759,114.06745992245737,122.10674420135872,89.1234296428928,102.74640183579362,92.06991466533722,103.12953767482398
2004-08-01,44.88720402607496,128.25628223986578,115.87785553818529,120.88615406888495,88.06801808850207,101.64241320042197,90.59479069734869,100.69709217674063
2004-09-01,44.34934839800825,130.02512815379484,115.99073538184048,121.18350594879533,90.80597754123335,101.96521066451521,91.62643239474849,97.23714386447979
2004-10-01,48.23670167609424,128.9401438615624,115.21801662131938,120.94911655251721,91.16299082665601,100.81512517036285,93.44575793233322,96.86633244256028
2004-11-01,46.222123886861134,128.99861592693625,115.38492470880178,121.6713721876255,92.2271016919417,101.5271021933539,95.10951264957143,97.06802648814809
2004-12-01,48.792819773339836,129.9756484108292,115.56609249391414,121.7235081303663,91.64020873019899,100.34562312542508,92.72149314620924,94.85299242207226
2005-01-01,44.73564534430032,129.2640933103173,115.8032900800922,122.17114422222357,91.41706071757574,99.77932820984407,93.17382160642859,94.89093766500993
2005-02-01,44.04843276933589,130.93660056295323,115.50641115661935,124.6463194220633,90.56079593993131,99.15472480162889,94.69709443115299,95.08769227839284
2005-03-01,44.6053154320984,131.75226521548973,116.18965837732509,125.1011392145092,87.37874593802826,100.47987153050373,92.20959108277962,91.30687786748595
2005-04-01,46.220871260496594,132.95395755312015,116.84477901031471,126.14510387452447,85.72513480581082,100.81016147612033,92.19773430971976,89.75965348042286
2005-05-01,48.14893770997874,133.03033999986988,116.32341252703138,126.54205553773441,83.55239238983435,100.59842767357593,92.60849790718245,90.5927284891467
2005-06-01,50.28230579797855,134.21725655993043,117.08150713316607,127.25340508166798,80.85265185629243,101.09714711464565,92.15735102991235,91.38943420205904
2005-07-01,49.56049311735745,135.6218684124617,118.64475299145931,127.8974214242203,79.4182210871347,98.98995476731596,89.37910824681055,89.41281935253946
2005-08-01,48.554613635696036,136.35583492462607,119.10358313329728,129.00035290239197,81.00816790239266,98.94682117767506,88.89056108169996,89.79802584343898
2005-09-01,50.849553338838916,137.09502622431376,119.26011347423449,130.8612498338861,80.95484450114743,100.94433535547982,88.39960293631742,91.73835884908783
2005-10-01,50.52129252663488,137.86795329519032,119.53353015775924,133.26195162913882,82.50352101593285,101.07668186188249,88.17749432949579,93.23709017527145
2005-11-01,47.48207671829008,137.70535519811725,120.26206095320688,134.262080300337,82.99670010821389,101.14459503105184,87.33228719135818,93.16557575864637
2005-12-01,44.79885868328138,138.13495239636194,119.58409466426512,135.5729793126646,83.93577069907208,101.69272341069403,86.66776896149598,92.42321839466264
2006-01-01,42.65022796827735,138.56173799887677,120.04201403104366,135.00383318127035,82.85469430470658,102.58832865400836,86.60820953797551,91.39039832286053
2006-02-01,44.043129828411764,139.43748313130715,120.16784558274283,135.58519091911603,83.4834354497378,100.5908619611185,87.27189144543009,92.33247393209791
2006-03-01,44.54919416858817,140.83870461746943,121.64763204724854,137.29370644631743,84.35789253062701,98.90853547932748,86.81525130114508,92.78366108375512
2006-04-01,46.425407553757594,140.50795132115474,121.9069123638405,138.94111674766094,83.66591577994657,99.11882677041363,86.20077790859308,94.01658829473908
2006-05-01,45.50727593791626,140.96533738734325,123.29713552329946,139.87415153313475,84.33736422468598,98.40395020851612,86.33930896597477,94.35396115835715
2006-06-01,46.05362516560804,142.79396103061038,122.98697736007507,141.5756569656986,85.01678953497577,99.71597547073604,83.45793507713199,95.92773626898254
2006-07-01,47.76760115052639,142.72807262921137,123.71923574223376,142.84503710463375,84.35732638961969,99.40080108085081,84.17348776797168,96.19800282830641
2006-08-01,47.14423480122579,142.59489812748166,124.2892824810542,144.94622856124337,83.01000427089448,97.46627034513769,84.17264312228724,97.71044251734344
2006-09-01,48.43617289511931,143.34030623451736,124.12219644439433,146.0103791704826,81.58905027261656,96.19825642829369,84.23218341218359,99.37792350400339
2006-10-01,46.931358042452686,144.64578303731574,124.60559588416582,146.32528499579425,81.69285692292232,93.44858040866312,85.67328487357528,98.02977556959873
2006-11-01,46.17372342604001,145.2354813509441,125.73997829249777,147.45438193406864,82.0852687654695,93.21445487138021,82.74406157850291,94.87511628523139
2006-12-01,45.36937869104419,146.9849496204615,125.91375038364738,144.75955113161868,81.13423776891999,93.02607074411583,79.78331077371446,97.75340342605759
2007-01-01,42.52977957707159,148.33466365199172,125.22815812740866,145.9314781508188,81.16614017851131,92.60160803433392,80.19401654169974,98.31538914133965
2007-02-01,43.89721077903554,149.68332298285083,125.59337733472819,142.44413406679536,81.8507846218775,93.68048707336366,80.18334125900697,95.32931452944663
2007-03-01,42.87370492852873,150.78373343803509,125.40360915729055,141.19786067882265,82.59261347947584,94.87900690988036,80.43860667379487,94.14443943445295
2007-04-01,43.05494022534795,153.51718265908545,125.56527014959839,142.41941382869595,84.45486962362284,94.70861848652424,79.7454160610362,95.63381316071865
2007-05-01,44.40680687261272,153.94286541507412,125.89116519581643,143.6811426766838,85.98724662226049,92.57392481904739,80.7419465723961,95.23039486467944
2007-06-01,45.67313481268758,152.7130081202144,125.19712614904574,143.06472170581276,84.78569690295264,93.19120639953965,82.14090483688278,94.40868430990501
2007-07-01,47.48659758511955,154.80804377759247,124.56295025088208,142.96506659544812,86.80600035439826,93.74656662804823,82.86687827781006,97.03027165846835
2007-08-01,47.39038387384599,155.002264363209,125.2387038158232,145.26572315409308,86.1688285489314,94.05595819820518,82.47563559020318,95.2451547949775
2007-09-01,46.4821380937356,155.72428010574478,125.28710621832741,145.42964028526595,87.42267592387671,95.0374379475133,79.31410150878159,93.90847875101879
2007-10-01,46.4328425664696,157.5817407273454,124.06234625328601,148.80485658844708,87.50425987513802,93.87260985105225,80.46795582083728,94.38897440610567
2007-11-01,42.36450648157453,156.69962482528643,124.92436220519696,149.5484471299481,87.00968062098966,95.88136523723739,82.30054882016367,95.19179328380267
2007-12-01,38.89672530051681,156.15059151646113,125.4704534996279,150.78947984197495,84.84044438925974,94.92193748409552,83.26738643813964,96.18521074561598
2008-01-01,35.73997626963081,155.27740146811675,125.39903420463621,153.5182858524995,84.63456697700012,95.67116041129637,81.94792279708838,97.92543922584008
2008-02-01,33.396859200627105,155.1586879597145,124.95038960913848,154.44961133821164,82.76330709463339,93.98381271688302,82.95861438759002,98.38288074306682
2008-03-01,34.5462947674357,156.19202911734132,125.85064099302245,153.9840693203913,83.92406617764472,93.05354802961297,84.24940894953218,99.36377183315595
2008-04-01,32.43259712903554,157.31203754695971,126.44944297315241,154.62012950750224,85.74421736621181,94.56991667633831,86.58763332123081,98.9971951663888
2008-05-01,31.63719074393707,158.20457567277867,128.3493161642011,155.3509025471459,84.78792417905579,94.30901685333745,85.27346843488887,99.21005211221488
2008-06-01,35.03526148840223,157.49794065193504,129.0056913522149,154.434261266728,85.15028907007891,95.14893945847025,84.93378655807267,99.50361363631143
2008-07-01,34.29460156074867,155.95254501260536,129.64436373391078,154.89103284716185,84.27981924366935,95.3858948471895,86.05469463478785,99.99079028078569
2008-08-01,36.28839048191638,156.6286761306755,129.92539465547023,154.7458848627323,83.5256375675052,95.28093669118932,86.14080974194509,101.48136193443466
2008-09-01,34.104346281891694,156.8119360277546,130.84903810078092,156.6758750314736,84.45503121214364,96.64478701612202,84.46481833886817,102.58062416193536
2008-10-01,33.740752387222614,157.87499393835128,131.65300400469465,157.50482238254472,84.40878529793154,96.40812819147013,85.08674276640824,102.76021476715569
2008-11-01,31.51569724994616,159.1767570039843,132.87759004820862,157.93660370047655,86.49636294824876,94.62739008390665,85.95473521713097,101.40378799426182
2008-12-01,30.818114560194754,159.94735224633425,132.9298724359161,158.5934888835996,85.91768397380525,93.82414999195494,86.08667956162748,101.62559625877469
2009-01-01,33.068884903838246,161.322507114925,133.03931378093552,159.673200690088,87.11688757277464,94.37534172065664,86.4160569523974,101.67516424596235
2009-02-01,28.900583845857373,162.19199363266569,133.11975824808925,161.26738186940838,87.23378366832398,94.77085082701915,86.02799809986881,102.12289108962611
2009-03-01,30.136642954722017,163.36078628612856,134.0487003848707,160.78467485519184,88.18871728001706,93.20379257678371,88.2454165034429,106.19463664247884
2009-04-01,30.88098196055271,163.3235378087146,135.46252608798198,160.24971951696688,87.65212809122113,92.4794500573755,86.89437822787389,105.35184564110462
2009-05-01,29.545607071310723,163.80152140381927,135.55816895315743,162.4825772727085,87.59265748615923,91.89772870817326,86.01339708372821,106.21196587553025
2009-06-01,26.080462435339587,164.65232278547077,135.67698775906229,162.75924497881476,87.45405883100051,91.53225911405903,86.02987535401951,108.23519759657
2009-07-01,26.410786204624262,166.12811818795134,136.29850318148817,161.7314667988099,86.45079029318556,90.15634552545748,87.34830639557084,108.5116010419489
2009-08-01,25.237054431964758,166.40038464526486,136.54012798693003,163.12028104438502,87.24528813468366,89.527974417338,85.10224664042903,112.81972225645879
2009-09-01,25.968744960351515,167.59055691793853,137.60383800850127,164.54676370420373,88.0255869413777,88.79936393207848,83.13680151578087,112.23925153134212
2009-10-01,26.173375324160123,167.99409176803505,136.4720635662956,163.35881256805638,88.73785257526438,89.5708971918404,80.0802087541788,112.9226121315182
2009-11-01,30.32782255246241,168.54850261745187,136.31745668038496,164.47933501562858,90.58221135996556,90.38001850283064,80.12925159205871,111.58476179071084
2009-12-01,29.879433483779852,170.06839369325414,136.1931807104045,166.2794163023359,92.32142512144912,90.23420804474182,78.4517928662489,111.05201726745291
2010-01-01,27.47068975222519,168.7202992401626,135.02670101725323,167.61416407458285,91.87149149363016,89.84216824887109,77.87496770122202,111.6000983061669
2010-02-01,28.06887883961598,168.08393635432142,134.78141957170203,169.30817034307327,92.31915427575117,89.9820925609102,78.86703498605958,113.22344561832081
2010-03-01,28.76887054954539,167.26349166468086,134.56920087726166,168.2559605675158,91.57083344864131,89.16551745345463,77.90472090488531,113.89781631956325
2010-04-01,32.31683948764648,165.59891113985051,134.83786384859852,169.54776999399084,91.59885982797879,88.01868537128719,78.25164393900036,116.26422304836578
2010-05-01,34.55461760243293,165.587388068813,135.9976869103271,169.98560515589855,90.87916048903614,87.07846416236147,77.80263707737276,116.19328548929896
2010-06-01,35.596795250306705,167.00031246193058,136.23925585489164,170.1791042123348,92.8232448599994,86.44365099839001,78.81080855001743,115.69538213558874
2010-07-01,39.40505247835561,167.38329782714675,135.94610300061467,172.2274318406872,93.25968264041096,85.28017719859774,79.52350065103944,120.66255532869164
2010-08-01,36.58314484254848,168.25372694922297,136.31572915240585,175.15128349672253,92.99804768668565,85.44223675766062,78.48560010677753,121.47218309768729
2010-09-01,35.13376601067411,170.0357016178559,137.44441778938887,178.5743494521507,94.4303899729133,86.17195243144432,78.23262247667685,120.2771163149259
2010-10-01,32.9673261571603,172.08259091660537,137.18629327289906,181.3671629205666,91.82565148115881,84.58485413064608,79.79823757325758,119.12744154287938
2010-11-01,32.14280164927088,172.70064392191773,136.97342550858394,182.11632432583866,89.40872836732046,84.60998284186212,80.38830287863874,117.53061769672297
2010-12-01,28.851086280380105,174.80677639657307,137.76918018312804,183.5463802313998,90.3637347535842,84.39004704659578,78.29285979201204,119.3164425372652
2011-01-01,30.588963647416115,175.60444410422986,138.0301303010705,185.60151292172557,90.43629689132504,84.73155573213259,79.2762868837691,118.76056341005736
2011-02-01,30.183406904669184,175.42464888898613,138.89377332670506,186.71276042580192,90.73683245163795,84.718616964029,77.64937095011476,119.08981586623904
2011-03-01,26.656391168412537,175.5007291389642,139.3015748719184,187.8450665441739,89.1451571276557,83.26501768409737,79.76814055505626,119.07550025225015
2011-04-01,24.267443465393683,174.64580970897666,140.2111505458915,190.03486094523976,89.11727667463525,82.0026283852402,81.3042888148178,120.49218658654384
2011-05-01,25.20122808401917,174.4138939310507,139.90646805302228,190.89685821075508,91.52148796711685,82.03205196082517,81.7391170286954,119.0680472193526
2011-06-01,27.446544503755124,174.73719026263993,140.31833891955984,190.7376602410141,92.5105275108719,83.06083288057069,81.97496629384969,117.23201710429517
2011-07-01,32.58837173298459,176.28545513096913,140.59174158174469,191.05917423315572,92.71417536504327,80.84664550952769,81.66141790980856,117.73575225722203
2011-08-01,40.023027898002915,178.82885020053635,140.1594616283842,192.9931074987514,92.18731067291735,81.19237208932927,82.67920383690861,118.91747896968185
2011-09-01,41.20905148119291,178.06276762135485,139.48588262501232,193.96513417323135,91.71382325067407,82.3819940946169,82.12303658271551,119.6160371332576
2011-10-01,38.88520618111325,179.19831185233718,140.38549039636607,195.46866826842236,89.15878578363406,82.22896821841069,82.47639138867535,118.25902042088242
2011-11-01,33.705090479284976,178.79677334266987,140.56041264345714,197.5043749828332,89.46795428873945,82.77917071443713,83.78429293845454,119.57849313664693
2011-12-01,34.52436913514456,180.02540843947173,140.26394628014557,197.9000300008391,90.48253401891768,82.07610163353932,82.94158312316615,118.33954346787479
2012-01-01,32.64201639686875,180.604847014779,140.61773135661974,200.09894906231466,88.59179082631293,81.95673543426246,82.0172940131801,117.50077390725929
2012-02-01,31.753623246419533,179.34763978529855,141.83794560614726,201.712361640138,87.79809055554475,80.3358219159543,80.22574579209342,115.9016575627597
2012-03-01,30.373381248770013,181.07219624449797,140.65097802950825,200.73070339589404,86.40913299686464,77.99147860753543,78.62903667290416,118.34374259033335
2012-04-01,30.17140403272905,181.13920457832342,140.0218238498684,204.07807964517565,85.25071156309413,78.9342444087607,75.88644370574191,119.58390136418257
2012-05-01,32.98635460969816,181.2835572975691,139.79595048509276,204.2810426980068,85.31488951528041,77.94924948103626,76.9811868892652,120.77288944040454
2012-06-01,33.52897602831152,180.8456501473221,141.24412231430114,202.60452845746738,82.81360692929425,77.49372163603283,79.69455870238936,123.11786999846095
2012-07-01,33.2823889357148,180.8590875397881,141.86880075203922,201.92484901564103,83.55073145532272,76.10727938276264,81.83255211759482,128.28063864529065
2012-08-01,30.843254553650272,182.05075991531356,142.8420220026798,201.28609058454487,84.45535753924314,74.69730967967877,79.39342538465505,125.30403165825237
2012-09-01,26.80654719188938,182.5729981259508,142.45675411403755,202.37949416504932,84.15403443359885,74.52347197958414,80.48070739198934,124.07495381267358
2012-10-01,25.74077741920605,183.66658113460878,142.08717737061895,202.9488171170225,81.1771842216174,73.7938947854485,82.61386691687467,123.06583866115943
2012-11-01,25.756321042160252,184.8035900906765,142.83353524059154,203.41722371919437,79.98148187041453,74.1718657834432,81.92865194576667,121.63436334087059
2012-12-01,30.326145826109958,187.02037270174813,143.30442800626707,205.4528926486909,81.46096419133777,74.6244042024228,82.08082309174175,119.79471349518391
2013-01-01,30.80183212979217,187.38415958637452,144.1298931433717,207.0449206502731,78.12737105446348,74.9452538487474,79.06898351553474,119.35533797988425
2013-02-01,33.40868090734982,186.4754680905363,144.42734433749226,208.60951615132782,77.71034295983125,75.18385463967584,79.4690877674997,117.26545129236332
2013-03-01,32.31044191100194,188.42556090687918,145.06287837384522,210.34368502644028,76.29434202567055,76.76162284460773,77.87374817334764,117.96852755393067
2013-04-01,29.498082494959373,188.80487937227159,145.61379655117804,212.44260667783803,77.25982638757235,75.69402907556284,78.1732007002149,118.16158453250218
2013-05-01,27.235290589378444,190.83356336729634,146.62036932983338,209.93715812880552,76.44968964500019,75.63909420935993,75.83139631693157,119.12743612907676
2013-06-01,25.57222542803906,192.03966031880776,147.65548647642458,210.37522728914135,76.93443446988293,76.77178402987951,76.64568365364798,120.14134734202561
2013-07-01,31.043399759126974,192.65770973821301,146.90445451765322,207.77402116500133,77.61298697288584,78.03632383921754,78.18245266678801,121.32675967819362
2013-08-01,29.139933061066007,193.8350898103543,145.699468226802,208.87574044089084,79.81645798056186,76.61456018987298,77.00768287421526,120.75462359191064
2013-09-01,31.38615607040687,196.90351169467996,146.8710205496057,209.91495406147615,79.57292764815142,76.3022047482171,75.3022990020996,124.67268171665124
2013-10-01,29.278838125189303,200.17174110070908,148.18973054121827,212.73914125668645,80.02418089169855,77.66032584408435,72.06826443827464,125.19465772631901
2013-11-01,31.757770657374913,201.05771183128547,147.87839798047153,215.8465635592871,78.24211431674563,78.16840494928343,71.66864413716188,121.94218517159439
2013-12-01,32.87014807263957,202.05766641163444,146.94981350177568,217.280686038085,79.67061059269813,78.3636679807632,70.79625323573947,120.23790882921519
2014-01-01,32.62855332849435,204.18175945717908,147.46432731856618,217.49744713248487,78.75799997501248,78.14598328732855,68.46972411721738,117.20500344896513
2014-02-01,32.67664701315576,203.9625928593833,148.59737822728792,219.43770805091262,78.0850949781072,77.7621823616208,69.14925225168564,117.33620578143747
2014-03-01,31.189677774582286,205.18972335561796,150.38947989851192,219.60820249961986,78.05839762428813,78.05040142471113,68.47429667888866,117.21695637814148
2014-04-01,32.45485827828749,205.9801600762167,151.23122386153227,220.70653424365915,76.18293640988031,77.79802729972664,66.86069274092083,116.47379012192245
2014-05-01,31.467399577435536,207.1956058992623,151.40394023025107,223.5696526041676,76.45746044459504,77.7554486786822,66.02883413246015,120.19345712424338
2014-06-01,28.553385168017414,206.9884698021022,151.18219711363923,223.68992723945325,77.61841997210506,77.83404738479723,67.63579094085458,121.28162629758182
2014-07-01,25.508541232218366,205.84545840195014,151.64510711889335,226.2648619523589,77.96994056030181,77.15597585630373,68.5401963564874,122.68860334818521
2014-08-01,26.090011026523666,204.11586222403204,151.87330382387435,228.63468769770967,76.06326348328733,77.68810523018517,68.34515726423967,121.11267106988943
2014-09-01,30.187739167549754,203.56461644719525,151.55844198871918,228.0322679466515,75.91469233009174,80.60234987860059,69.27381479193694,119.41421026549361
2014-10-01,30.73771820148335,203.81881314144414,153.5789987565544,230.9677979633149,76.80512701366713,78.82536323927451,67.53244685735683,119.58046016386814
2014-11-01,30.591122386208642,204.27605273817971,155.42152261826877,233.42640112401796,74.55154049450805,79.14937576346449,67.58100200844738,119.99187301524213
2014-12-01,31.455687735215,207.49259779683376,156.7764914890843,234.7878254557385,73.26182127792679,78.38918567484558,67.80198550417708,116.75051219443611
2015-01-01,34.87069208948206,209.7112586921293,156.52518412484434,234.53003207722375,74.31367360282461,78.96658825236483,67.097230741429,116.52595955330696
2015-02-01,35.5691483428917,209.3398649466102,157.66807223295382,234.09101672541303,74.63778812386136,79.0131457256927,67.75041824536513,116.65128930247926
2015-03-01,34.69183026580736,210.6178449576792,158.64835458578287,234.25463312746416,75.13215402241346,79.77500049973517,66.57976806339845,116.36402080409124
2015-04-01,37.60755204095708,210.946144294054,159.47750451415195,236.4529996470096,77.36354779156143,80.95050707624395,67.34449912506263,114.99991806186722
2015-05-01,38.82944313711111,211.43057152125553,160.9592457710835,235.8284075339094,77.92581112576887,81.14292819401213,68.17228728235956,114.12875473440916
2015-06-01,42.81883311710109,212.51416212808897,161.95654472308803,237.84151579441192,78.7152767382887,82.2749804824263,63.79654746131396,113.91040818597813
2015-07-01,43.42691921015586,214.1600554550646,163.04530842523107,236.6708855810281,81.96817137095069,79.93068258863762,65.58200601657914,114.17384822847622
2015-08-01,40.51574663085461,214.58117548155218,164.0567918089721,237.4692066674507,81.7116059012421,81.52113488655365,61.01055716855001,115.36247307706724
2015-09-01,37.245348632740445,216.82080228193453,164.83032581879365,238.86896571336166,80.7541465848999,81.89619703844599,60.08648363021582,117.4080142459788
2015-10-01,41.522668463318574,216.20339045021151,163.8577315501554,244.80847793566429,81.26750226279646,82.97404039419118,61.62450568160245,116.97818834362975
2015-11-01,45.98183276527681,217.0781922237893,164.41877284797732,243.3395168550321,81.79429149806313,81.75416464934965,61.14857559372379,116.25710719062211
2015-12-01,45.68303473207031,221.37180507735258,164.45479111439204,247.45624374174585,81.16223302772768,80.92339476774431,58.94929662001948,117.14488740298387
2016-01-01,44.875066429230344,222.55675378685945,163.89672462947988,248.9949245013591,79.92335660426185,81.0693330618891,57.308691027444475,118.34440825252341
2016-02-01,48.67867715983585,225.3785491875102,165.77734364983235,251.06751526276935,82.69516991076995,81.05229517255162,58.8490496469254,117.6628474726574
2016-03-01,46.061062954727134,226.40615908288586,167.71910087086482,252.56500758954,83.08738207523558,81.33536376056162,55.96679285110245,119.18555573119652
2016-04-01,43.97424540733756,228.1070902953998,169.37016826793868,254.73568697331737,82.20863961755309,82.41987892149159,57.66027950254547,121.04880934527728
2016-05-01,45.732562394060174,228.94333185766115,170.0959571245427,255.6979858061135,83.3077559802886,80.65465860618873,57.57762635398204,123.47384498346288
2016-06-01,44.896049586911204,229.62603900313252,171.76304078251968,259.9864219913967,83.176781798415,81.62847767790605,55.78903335831839,126.77482261555856
2016-07-01,45.033244920111024,229.47065902159957,172.2894864806766,260.33718010344046,82.8733240628336,81.63675958786396,54.91436074986436,125.31527356597158
2016-08-01,44.77463767379974,230.98597215606364,172.9824439641368,264.0228134419084,83.548051509131,81.43297772673942,53.38852423821189,125.4402903427701
2016-09-01,45.768574045797074,230.72989921912966,172.55616065847258,263.98190971820424,81.99779278725298,79.96186249235453,54.687862039499684,125.56059019668368
2016-10-01,49.43727869908136,232.58163236813297,173.4184931763672,265.1772743735732,82.42094543195358,80.4649111607314,55.78650375414394,125.48405777332516
2016-11-01,49.81374096633573,235.03936068375054,173.99205524916687,264.23077309364544,84.71649120123169,78.05080330970037,53.20776205332987,124.41538451802693
2016-12-01,51.57358794952788,236.50093959309703,173.38184835506397,266.5236683752585,85.27590439586845,78.69919732093908,52.602373875550875,121.841372912211
2017-01-01,46.59815769695032,237.04137131994122,173.858263997509,270.9743208103108,84.8244498713283,77.20709148546608,51.30759538203446,122.1081959150632
2017-02-01,46.62636169212502,238.64055882432936,174.31111933442966,272.1641045157313,84.21592353481441,77.26054939808355,53.24786033472351,120.82515572787696
2017-03-01,44.66828601639284,239.15370050384576,176.41330229325825,273.09784135091286,83.72351556680027,77.14138056075564,51.22271165753388,121.07994399322268
2017-04-01,41.77125336533378,241.46383886382665,177.7362335315683,272.0302269188146,83.41876035314294,78.31091870804953,53.6290553145614,119.75066561816475
2017-05-01,39.7258724480119,239.78226678121408,178.28044504357752,272.89274629350365,82.96539251383301,78.13226353903563,53.57911320528599,117.87128059564493
2017-06-01,39.040563846259865,240.25903303242413,179.0386637182211,270.7880721063781,84.0649662431225,77.43812497788997,51.83621159571586,118.39301764432335
2017-07-01,41.4803202021499,238.35776842789778,179.6162881174074,270.1651582742177,81.98511531927171,76.93152228191877,50.82030031970194,118.76467639257504
2017-08-01,38.31433840780099,237.17598270879856,179.97325795003758,272.01242833728594,83.01951537976628,78.20440505067343,49.61787205854927,119.90738394095273
2017-09-01,38.54091713928703,240.0832125099552,179.5396611353261,276.27586108855076,82.5638915495952,78.74070201985433,47.70594445552601,123.94193872050445
2017-10-01,37.48049355595309,242.34363346208502,179.94313378043103,283.971406041647,83.01622889242965,78.35507203833116,47.84818474512157,124.54105987668397
2017-11-01,36.811310820048185,242.2668514383431,179.81173488843717,284.058689352127,81.66384340018861,78.11862561836665,46.00631141908381,125.5142070573994
2017-12-01,39.468205383309694,241.05491962630884,179.22801258554983,288.779456565619,83.25820068040794,76.5514485277812,42.73576210597653,123.67459666543823
2018-01-01,40.9634939758195,237.75425941112545,180.2265945185544,290.79347012931447,84.75296263261419,76.93992272863274,42.16624739970427,121.45816327247275
2018-02-01,44.45698924442637,237.93003115890878,181.1220730957254,291.89767401058566,85.90447126351427,75.18010702093727,39.461963105077444,124.40725627666475
2018-03-01,44.22072504630162,242.3781557993482,180.05056054633124,294.37782607990454,84.08676553256203,75.93190348677274,38.333721802976164,122.8449926727848
2018-04-01,42.63086851712485,243.98541268395175,180.4807782087609,295.99998299225996,85.08171081784128,76.060525079264,36.97006747007113,121.06589334414124
2018-05-01,42.22122147492361,244.14223986439106,181.92650504999162,297.7465325532013,85.56753692300414,78.44747687883792,35.663243362032404,121.09551528595145
2018-06-01,42.97746345310166,245.80572470753327,183.44206687752103,298.263074489806,83.64121142644505,77.34734132511362,38.664688014417635,121.03316894187216
2018-07-01,43.56889684923594,244.49032482073756,184.9393789490283,296.42404691963907,83.61205456592008,77.24467923407298,38.74930536517199,119.50865723027422
2018-08-01,41.00792666865252,245.03273078694298,185.53112468964096,294.2536111549104,84.04949595276,79.04296693499604,39.11736187866499,119.05970543659065
2018-09-01,41.38415112272221,246.16170601650137,185.30394621413043,297.2780741996338,84.71678628134778,80.23435657528746,36.45276443415155,121.37258172836084
2018-10-01,42.10472194806947,247.02067994516176,184.85633120200785,298.1075647205527,84.9294999216864,79.53814452370756,35.471819733696165,120.02179323246361
2018-11-01,48.54840704190427,249.1903081561552,185.7314772288991,298.1765216364617,85.27897762190325,79.76211195208101,35.794773678608436,117.6131827606045
2018-12-01,53.39051857010845,250.70695965919785,186.64312293564245,299.69152949141494,87.04731129260698,79.7641113084961,34.25798030923893,119.40985127822412
2019-01-01,51.4074101937114,252.72317552256487,188.41274633015118,303.1152719542226,88.5185519844998,80.04606717589026,35.62007457451591,120.39598571971258
2019-02-01,50.83895178983846,252.69026459311513,190.02106107597936,305.07452169797136,85.0780860399605,79.34738673990543,33.81602969566437,119.379052202545
2019-03-01,47.33034678524595,255.07340858936948,190.46601324796865,304.99873855258744,84.69715977415528,79.2580663372047,33.38648049186661,116.63115157351655
2019-04-01,46.00357925033724,258.6110000173987,189.85350360602854,309.5494906004982,84.49957854110254,77.66001396192797,32.507403031903266,115.39082953192714
2019-05-01,46.94259175931309,258.1405244665898,190.12033392284349,315.05633634512253,82.39706025383018,77.79513741379606,32.753884020976145,115.39236154559845
2019-06-01,50.10722581153367,257.79841213202974,190.89878461343352,317.89079810459333,82.51007992370894,78.24515808721789,31.793148913193008,117.59057130738933
2019-07-01,48.43451621717465,260.91446601710356,191.27897181933128,321.98251077567846,84.00858925060155,78.017738674574,31.38680847258661,115.82472375262394
2019-08-01,46.94915011700516,261.6596394849618,191.3001149491694,326.8276310285361,82.70470781909285,76.40268778398922,31.03261333491963,115.77258796590328
2019-09-01,41.73092754265852,264.9304931638865,192.11764166627273,331.448917992001,83.10838894552069,77.39121964684068,29.931031698832683,117.0878483537141
2019-10-01,41.47426274129626,265.2870075741941,192.2099208823627,334.7508412477075,82.00940077276496,77.75574468483349,30.65867250157835,112.90156714149464
2019-11-01,38.96822671164735,268.68577142182477,192.18294987617162,338.04305668340726,81.20310634434935,77.02972958713251,31.016255063834492,114.86238224378467
2019-12-01,37.79462814323216,269.9755706205406,193.06077707396364,341.15282996447775,82.9759787053534,76.74912914029444,30.88333414595475,112.83397121381307
2020-01-01,35.752476197813195,271.477930468633,193.2520090534541,339.86614781433155,82.32490932121921,75.2484597375126,30.237646645761814,113.53156310203556
2020-02-01,35.6668198121818,275.1370003737103,194.06935700276563,343.4898774755851,82.87956430803196,74.2230496097347,31.432462691541815,114.0755927713349
2020-03-01,31.422498833790222,275.6407903817399,194.9185201016819,341.487518974324,80.63410256875878,73.68523826337756,31.07871132582055,116.12784827596982
2020-04-01,27.904885720312745,275.18725723945596,194.39350492801765,341.0245043762479,82.86888364243262,74.91365907565772,30.618665394081646,117.2195121615782
2020-05-01,33.37800350038349,275.54760707192435,194.50896897644216,346.3268061038222,83.59206657800043,74.27415568477024,30.77570043891383,113.04038927646423
2020-06-01,30.30944704719841,277.40385919522834,196.50092912788728,350.41025209163587,83.37306676682012,74.914369344099,33.320580463370106,111.72778663158344
2020-07-01,27.717483101061813,275.91141812347144,195.9494586839779,356.38221879486883,84.06372257881999,74.37605314123742,31.310046151338298,112.07655586441935
2020-08-01,32.459766921865096,278.0788456124876,194.46914051431733,357.39099556670453,82.37193926408261,74.62400070208929,32.46483149092133,111.82559206940373
2020-09-01,39.872434844966115,278.29231745431576,193.2460532263822,355.8866984462979,83.7909761541858,74.48260519994548,29.62507474906417,112.78529138296591
2020-10-01,37.09351827290276,281.3386035777497,193.8548753356025,356.9832706751877,83.40219442359009,75.35566180003823,29.95098448640711,114.30615118317138
2020-11-01,36.322895880932684,278.4374329951711,194.46737286725698,359.0656246338788,83.15731100553197,74.82085046181967,32.31360872782021,115.50136430874481
2020-12-01,37.326784758283964,278.2371986277426,194.93698372577092,361.09355501943327,82.56732426757338,73.24832221181723,33.046611514521175,115.21566941214677
2021-01-01,41.79852886929794,276.5399163468694,196.71329141004546,366.20984780927114,81.87054258427868,71.86637318045359,33.30254913233087,111.9922627921299
2021-02-01,39.48138617322735,276.2752901408946,194.68504966936985,366.983306398154,82.70414731823277,71.33449568651085,32.46187492912625,111.27239654419124
2021-03-01,39.018191558372074,277.7951001372088,195.65693467309063,369.8629886599547,83.01123553835784,70.08543571583279,32.50844572985909,112.12185921084135
2021-04-01,41.111535498526436,278.60874008969205,197.78290372323755,368.78861431034807,83.79333330804148,70.49564773151234,32.13035150675405,110.2590541562505
2021-05-01,42.34845068469298,279.30047312124236,197.2616617184357,371.9748175299499,83.78277968065879,70.02987956665426,30.951386594857013,111.49534867046933
2021-06-01,41.558060506617736,280.15220861709975,197.47895998256266,373.8486459646131,84.39861945395141,72.40448611668069,30.51657317164471,113.23045660555047
2021-07-01,41.373503095327635,281.61851942323335,197.32805298704125,373.47554188894526,83.89600096124137,70.66677152154357,30.814144912584368,113.55881716288299
2021-08-01,38.08626357440268,281.04145098783493,197.03785292663844,374.6401195447623,86.57167917093282,70.87040470025336,29.663319309788406,108.14401340352069
2021-09-01,37.64082921446602,283.36711091716796,197.30772130155262,375.963655568351,84.69016267121623,69.74245167674769,28.453896578761373,105.94345435063943
2021-10-01,37.12486048944363,285.6362832347644,199.31808655631542,377.0324420621051,86.2032874594918,69.24905033636502,26.41353142237311,109.43859483604038
2021-11-01,37.85528521350926,287.4444120525957,201.76202460518,384.3301569459792,87.84477640035698,69.39046980970556,26.999618961506457,108.5548268085893
2021-12-01,36.61696716646173,289.56178467737266,202.0285877214884,385.9525362728124,86.82218583319826,67.06509843483127,27.817603854457047,105.08336900695711
2022-01-01,37.945813472824575,291.2398634945558,204.57497042220064,387.1310359861133,89.49731416586543,67.3019245516193,28.16509452081182,107.4068143059156
2022-02-01,40.62760301737414,295.9994631495532,205.22611970702974,382.59753810394545,90.69190250539981,69.20483201389347,29.612850259904818,107.53085437069421
2022-03-01,41.166176336545306,297.0305738059674,207.6555815561374,381.7744401972666,91.85726931358731,68.75139371552487,29.744651715525904,109.61974725081811
2022-04-01,42.19556735754332,297.6721092816663,208.18234537212737,382.8814365556694,91.89089593801836,69.01120157233038,30.332668121574542,110.21827286621297
2022-05-01,42.47845572648799,297.51701327216546,208.9447045089732,382.6950870382349,91.63022454815595,70.03612326545579,30.788424260030894,111.14367931139488
2022-06-01,42.628666709216525,296.86510235476106,209.95579689718497,388.8883231815756,91.37893395570842,69.8721697654288,30.651114230903588,111.89709595728101
2022-07-01,40.9747716253594,295.8377032349936,213.9604716387823,390.32226298571703,91.84757067129183,69.2912095768973,29.85488148870911,113.2525749187388
2022-08-01,41.916007279542676,295.44367814667646,215.51870714344105,396.34310672984077,93.52899420133251,67.01547317317555,33.17611041239698,117.45194972613979
2022-09-01,41.82279078350895,296.50205162813126,215.4031505699274,398.5264637086349,93.74657126276622,67.65646389257051,32.49818394261672,119.29976113086633
2022-10-01,47.205711555835435,298.28813301247027,217.09963173006267,400.64338884690375,92.65283891500147,67.54329548284161,31.49936737593606,116.55515035874436
2022-11-01,51.28909881202354,299.57558640526173,217.35831606741897,402.3656914914959,93.64215138986344,66.53061163145347,32.15038211111123,117.45914108624639
2022-12-01,52.4037151934148,299.39792737289827,217.47816767138423,404.39483920322425,94.74753228553719,66.65720834173115,32.528163734053734,119.61380646883218
2023-01-01,50.64607216917787,302.2258715140161,219.12480947662942,412.0489221880951,95.53312371967453,66.07352798492497,30.42097641263824,121.87866792059725
2023-02-01,48.01504348921933,304.7863784768504,219.81733405364145,406.50051652899475,96.42772240750452,65.54510185380946,32.104993794483846,121.21077895109087
2023-03-01,51.14290087194149,305.71498395800234,220.7850891897224,402.0485424553701,96.10260865131515,66.15139300991817,31.963701931457592,123.40767895242949
2023-04-01,51.94977393480934,305.74020744217574,221.4639245536425,402.3118230069166,94.98782165075845,64.81301059859432,30.297305288634007,125.17761527162166
2023-05-01,53.30013244328836,307.97737226101225,222.5034535416483,404.37541442695147,93.94598953398952,65.86032588466807,32.08048146016482,129.90814665816717
2023-06-01,49.08866747585289,309.56068744449334,223.646672700874,408.65224004097786,91.98343363584009,64.46263972154968,33.01899481755905,128.65814353291987
2023-07-01,51.55726367974833,308.1126280316874,222.15661760563498,412.25794069385523,92.26777196969523,63.79993831319442,31.12218182963717,127.84482249539909
2023-08-01,52.84331452528424,309.2213953113383,223.5679693376385,413.0527281147956,92.16763342982331,65.722884507261,33.787956090023755,127.39380820817118
2023-09-01,50.21723781424805,310.94925289526554,223.14134038901403,418.52122493659533,91.63964818438767,66.85023926890341,34.77615214257304,126.61140833810138
2023-10-01,49.188425795623175,310.51479716867266,222.20355771835668,424.0999542322045,88.09290559517358,66.94784326139886,34.76085796913547,125.10937098852689
2023-11-01,49.99771880651447,312.1146588248593,222.80608790126766,426.85382790421136,86.59612463154058,66.00731304589763,37.14618617756814,120.23655507831415
2023-12-01,50.278885802405085,310.64217330650126,223.56936798777488,432.30998629702697,87.94113341322438,65.47804073919775,37.3851328533126,119.55409602561251
